rate,sigma1,sigma2,sigma4,sigma8,sigma16,duration,output,outputdesc,time,flow_count
2223450,1336.69480436,1210.17932555,1146.73536616,1113.81730998,0.0,16,1,YT0,2016-10-25 20:16:29.862802,1.94117647059
1182724,1632.82669013,1524.32247244,1470.76816664,1443.36135462,956.961859219,32,1,YT0,2016-10-25 20:16:29.863490,1.9696969697
788490,1749.37703197,1648.56270733,1599.17509986,1574.00603557,1144.54750884,48,1,YT0,2016-10-25 20:16:29.864836,1.97959183673
601278,1787.32789381,1688.90615488,1640.74312432,1616.22523183,1209.65614949,64,1,YT0,2016-10-25 20:16:29.866683,2.01538461538
45416,1061.3373639,735.193171894,497.539948145,317.954399246,272.442654517,80,1,YT0,2016-10-25 20:16:29.868499,2.27692307692
9921,789.368101712,553.705698002,385.1402342,263.186245841,172.255624001,96,1,YT0,2016-10-25 20:16:29.870357,2.52307692308
34808,842.86416462,585.399863341,548.111302565,194.745988405,153.013071337,112,1,YT0,2016-10-25 20:16:29.872055,3.15625
24743,875.090281057,613.269108956,617.736189647,433.683064,295.94594101,128,1,YT0,2016-10-25 20:16:29.873141,3.875
2412981,1106.02848065,1042.19383994,944.165239775,501.295322141,0.0,16,1,YT1,2016-10-25 20:19:49.057691,3.0
1281107,1492.10254339,1433.78310773,1360.73840249,1112.82029097,1000.01249992,32,1,YT1,2016-10-25 20:19:49.058351,3.0
854078,1628.91712496,1575.67033354,1509.50786682,1290.49525377,1194.58653935,48,1,YT1,2016-10-25 20:19:49.059080,3.0
640562,1693.18250641,1642.02131533,1578.64245477,1370.72207249,1280.83527434,64,1,YT1,2016-10-25 20:19:49.059929,3.03076923077
68493,1271.05861391,879.572055036,593.792051142,376.895210901,263.734715197,80,1,YT1,2016-10-25 20:19:49.060819,3.52307692308
31186,1401.06923455,982.903861016,683.708271122,467.049247939,305.748262464,96,1,YT1,2016-10-25 20:19:49.061656,4.01538461538
43182,1269.95118016,892.612457901,622.306998193,423.022458033,282.968196093,112,1,YT1,2016-10-25 20:19:49.062472,4.9375
43180,1269.98188963,892.635423899,622.323067225,423.035459507,256.364974207,128,1,YT1,2016-10-25 20:19:49.063288,5.90625
2525955,1299.24093224,1275.81464171,1217.3598482,1191.32908971,0.0,16,1,YT2,2016-10-25 20:22:51.992571,2.0
1262983,1717.84166907,1700.19293023,1656.77970775,1637.74814914,1123.81493138,32,1,YT2,2016-10-25 20:22:51.993613,2.0
875971,1793.61116187,1771.38251092,1728.31738983,1709.99736842,1247.37163668,48,1,YT2,2016-10-25 20:22:51.994754,2.0
662266,1844.11659067,1822.30732864,1780.62292471,1762.89364398,1323.02418723,64,1,YT2,2016-10-25 20:22:51.995859,2.0
56005,980.687513941,672.969538687,445.466048089,362.888412601,194.53020331,80,1,YT2,2016-10-25 20:22:51.996869,2.0
61270,947.630202136,646.823778165,422.557688369,337.51592555,162.246725699,96,1,YT2,2016-10-25 20:22:51.997745,2.0
36351,908.531782603,632.704512391,431.543740541,275.221728793,206.109194361,112,1,YT2,2016-10-25 20:22:51.998508,2.0
57737,991.866422458,685.249589566,458.138625309,272.572926022,150.219838903,128,1,YT2,2016-10-25 20:22:51.999258,2.0
1996732,1391.71836231,1368.16702197,1303.70587174,1287.21909557,0.0,16,1,YT3,2016-10-25 20:26:11.188274,3.0
1010920,1696.71034652,1676.94454291,1625.05476831,1611.82970565,980.472335153,32,1,YT3,2016-10-25 20:26:11.188935,3.0
673953,1793.25291022,1774.56304481,1725.61177557,1713.16315627,1139.41871145,48,1,YT3,2016-10-25 20:26:11.189619,3.0
534123,1792.93084083,1765.68343709,1716.45885474,1701.00705466,1156.90794794,64,1,YT3,2016-10-25 20:26:11.190391,3.2
66284,1040.67093742,836.569184228,615.270672144,395.16958385,211.995282966,80,1,YT3,2016-10-25 20:26:11.191174,3.44615384615
60009,1080.49294306,874.782258622,648.732610557,424.78818251,245.401711485,96,1,YT3,2016-10-25 20:26:11.191947,3.69230769231
67338,1040.1874831,799.978749718,626.915464796,407.530366967,224.024552226,112,1,YT3,2016-10-25 20:26:11.192742,3.953125
69003,1015.4058302,698.331583132,557.640565239,329.454093919,218.279637163,128,1,YT3,2016-10-25 20:26:11.193672,4.0
1937455,1392.02406588,1336.22153852,1242.50553319,1209.94875925,0.0,16,1,YT4,2016-10-25 20:29:14.111750,1.82352941176
968732,1704.82785055,1659.57675327,1585.09558071,1559.70638262,984.233204073,32,1,YT4,2016-10-25 20:29:14.112958,1.90909090909
645833,1797.0158597,1754.14537596,1683.8539129,1659.97620465,1136.47613261,48,1,YT4,2016-10-25 20:29:14.114318,1.9387755102
484374,1841.39349407,1799.58022883,1731.13431021,1707.91803082,1205.42067346,64,1,YT4,2016-10-25 20:29:14.115741,2.07692307692
25375,1263.69379202,886.437251022,616.601167693,421.219657661,275.757139527,80,1,YT4,2016-10-25 20:29:14.116574,2.61538461538
25382,1263.51414713,886.307508712,616.505474428,421.144868187,275.693670584,96,1,YT4,2016-10-25 20:29:14.117390,3.10769230769
25776,1263.57943953,893.128770111,630.497422675,442.638678834,301.993377411,112,1,YT4,2016-10-25 20:29:14.118159,3.65625
14,12.9614813968,8.83176086633,5.65685424949,5.38516480713,3.87298334621,128,1,YT4,2016-10-25 20:29:14.119465,4.53125
2346816,1264.35319433,1152.57711239,993.671978069,485.676847297,0.0,16,2,YT5,2016-10-25 20:32:33.313452,2.76470588235
1322802,1552.0357599,1432.92532953,1301.07532449,1001.08541094,890.34431542,32,2,YT5,2016-10-25 20:32:33.314630,2.87878787879
927650,1651.73999165,1528.40766813,1402.22430445,1138.47968801,1044.14414714,48,2,YT5,2016-10-25 20:32:33.315968,2.91836734694
770579,1639.3782358,1508.5512918,1375.51590322,1125.38571166,1039.42291681,64,2,YT5,2016-10-25 20:32:33.317313,2.93846153846
218211,1315.84383572,911.369299461,553.363352599,272.976189438,173.106903386,80,2,YT5,2016-10-25 20:32:33.318153,3.0
192866,1203.82764547,897.632441481,553.573843313,281.291663581,150.728232259,96,2,YT5,2016-10-25 20:32:33.318933,3.0
219540,1182.33836105,815.249655014,467.960468416,286.823987839,169.69678842,112,2,YT5,2016-10-25 20:32:33.319701,3.0
202598,1190.96095654,819.007936469,501.842604808,283.017667293,172.040692861,128,2,YT5,2016-10-25 20:32:33.320467,3.0
1793125,1222.01350238,1100.29632372,1046.99808978,1029.07045434,0.0,16,2,YT6,2016-10-25 20:35:52.567330,2.94117647059
961891,1484.99326598,1374.7032407,1325.58289066,1307.47810689,847.539969559,32,2,YT6,2016-10-25 20:35:52.567949,2.9696969697
715259,1512.1405358,1386.58140764,1329.83758407,1304.89309907,902.271023584,48,2,YT6,2016-10-25 20:35:52.572080,2.97959183673
575226,1533.73335362,1396.01432657,1331.56975033,1304.09853922,928.157314252,64,2,YT6,2016-10-25 20:35:52.573043,2.98461538462
163171,1165.74654192,822.601969363,523.850169419,270.037034497,86.7813343986,80,2,YT6,2016-10-25 20:35:52.573819,3.0
168738,1116.02912148,840.976218451,535.102793863,274.801746719,75.4188305399,96,2,YT6,2016-10-25 20:35:52.574586,3.0
150558,1124.9342203,751.013315461,589.043292127,324.488828775,11.3578166916,112,2,YT6,2016-10-25 20:35:52.575342,3.0
171304,1141.48762586,756.444313879,535.978544347,277.135345995,121.655250606,128,2,YT6,2016-10-25 20:35:52.576094,3.0
241470,1427.9247179,1300.06076781,851.084014654,491.395970679,0.0,16,1,YT0,2016-10-26 10:49:05.846523,1.94117647059
1323133,1431.40909596,1365.81916812,1312.15243017,1158.62634184,940.351530014,32,1,YT0,2016-10-26 10:49:05.869455,1.9696969697
909050,1549.63705428,1484.64238118,1433.5668802,1297.0111796,1111.42926001,48,1,YT0,2016-10-26 10:49:05.870535,1.97959183673
687057,1612.62518894,1550.34480036,1501.67140214,1372.8364797,1200.40951346,64,1,YT0,2016-10-26 10:49:05.871374,1.98461538462
631953,1651.45329937,1595.32097084,1573.24568965,1455.42055778,1287.92662834,80,1,YT0,2016-10-26 10:49:05.872185,2.0
56030,980.589618546,672.8937509,445.395330016,266.782683096,150.768033747,96,1,YT0,2016-10-26 10:49:05.872994,2.0
41729,867.543082504,600.424849586,403.277819871,255.957027643,187.040102652,112,1,YT0,2016-10-26 10:49:05.873841,2.0
57856,993.139969994,509.108043543,351.68593944,228.46662776,162.409975063,128,1,YT0,2016-10-26 10:49:05.874700,2.0
2474034,1087.52701116,1031.05819428,936.086534461,19.1572440607,0.0,16,1,YT1,2016-10-26 10:52:25.125038,2.94117647059
1237029,1555.53367048,1516.59223261,1453.69563527,1112.36190154,1112.19647545,32,1,YT1,2016-10-26 10:52:25.125676,2.9696969697
838592,1663.89572991,1626.45842246,1568.08067395,1263.38315645,1262.96595362,48,1,YT1,2016-10-26 10:52:25.126456,2.97959183673
660064,1694.3724502,1645.16898828,1582.84964542,1292.90834942,1290.24842569,64,1,YT1,2016-10-26 10:52:25.127254,2.98461538462
41564,1271.54590951,887.486337923,610.764275314,407.114234583,249.20072231,80,1,YT1,2016-10-26 10:52:25.128116,3.0
73904,1179.73853035,919.446572673,621.078094928,394.868332486,202.548759562,96,1,YT1,2016-10-26 10:52:25.128929,3.36923076923
32872,1088.32577843,764.55608035,711.999297752,499.859980395,341.083567473,112,1,YT1,2016-10-26 10:52:25.129697,3.875
62407,1208.00620859,841.839058253,669.737261917,376.419978216,256.0,128,1,YT1,2016-10-26 10:52:25.130555,4.625
2624942,1178.81296226,1042.02735089,954.613534369,668.922267532,0.0,16,1,YT2,2016-10-26 10:55:44.390589,2.0
1323017,1631.62863422,1536.06965988,1478.40961848,1313.47896824,1131.88692015,32,1,YT2,2016-10-26 10:55:44.391853,2.0
916090,1716.60799252,1625.53837236,1572.35428578,1422.62468698,1262.94219979,48,1,YT2,2016-10-26 10:55:44.393098,2.0
692330,1772.85250374,1685.23529514,1634.3013798,1491.84214983,1341.5867471,64,1,YT2,2016-10-26 10:55:44.394516,2.0
56056,877.781863563,597.679680096,445.549099427,266.904477295,151.495874531,80,1,YT2,2016-10-26 10:55:44.395839,2.0
56052,877.797243103,597.693065043,445.563687928,266.919463509,151.518975709,96,1,YT2,2016-10-26 10:55:44.396687,2.0
36329,901.197536614,632.782743128,431.616728128,275.312549659,147.149583757,112,1,YT2,2016-10-26 10:55:44.397463,2.0
57713,991.953627948,685.323281379,524.868554974,330.832283793,135.410487038,128,1,YT2,2016-10-26 10:55:44.398243,2.0
2229057,1262.74383784,1198.17444473,1154.94545326,1150.78929435,0.0,16,1,YT3,2016-10-26 10:58:47.423144,2.94117647059
1127091,1630.44196462,1580.81529598,1548.31262993,1545.06795967,1037.97976859,32,1,YT3,2016-10-26 10:58:47.423816,2.9696969697
751399,1741.84040601,1695.47751386,1665.21470087,1662.19824329,1205.43726506,48,1,YT3,2016-10-26 10:58:47.424494,2.97959183673
592131,1747.80347866,1703.82804297,1668.58113378,1662.40037295,1229.412868,64,1,YT3,2016-10-26 10:58:47.425229,2.98461538462
66211,840.43917091,794.180709914,531.28805746,328.676132386,211.844282434,80,1,YT3,2016-10-26 10:58:47.426010,3.0
59931,866.908876411,830.067467137,560.837766203,356.795459612,245.281470968,96,1,YT3,2016-10-26 10:58:47.426868,3.0
67260,839.874990698,568.440850045,518.497830275,315.566157881,223.89953104,112,1,YT3,2016-10-26 10:58:47.427826,3.0
69002,785.887396514,526.894676382,436.113517332,209.580533447,218.281927791,128,1,YT3,2016-10-26 10:58:47.428679,3.0
2030409,2103.11863669,1293.53082685,857.284083604,501.406023099,0.0,15,1,YT4,2016-10-26 11:02:06.624183,2.0
1078531,2261.64387117,1570.70812056,1246.67036541,1041.23964581,916.568600815,32,1,YT4,2016-10-26 11:02:06.625413,2.0
719023,2339.76921939,1681.25548326,1383.36040134,1201.53235495,1095.2620691,48,1,YT4,2016-10-26 11:02:06.626764,2.0
539274,2377.85428485,1733.87542805,1446.85935737,1274.12793706,1174.4462525,64,1,YT4,2016-10-26 11:02:06.628134,2.0
57014,1337.52981275,930.583150503,635.990565968,416.815306821,241.619535634,80,1,YT4,2016-10-26 11:02:06.629812,2.4
25353,1263.11400911,886.031037831,616.318910954,421.00712583,275.628372995,96,1,YT4,2016-10-26 11:02:06.631446,2.89230769231
25756,1262.93982438,892.675192889,630.256297073,442.470337989,301.908926665,112,1,YT4,2016-10-26 11:02:06.632969,3.40625
37586,1143.57247256,802.946449024,558.461278873,377.163094695,247.244817944,128,1,YT4,2016-10-26 11:02:06.634270,4.25
2136006,1539.95746695,1484.55515223,1325.66059005,1273.5611489,0.0,16,2,YT5,2016-10-26 11:06:57.223344,5.0
1143973,1788.1758862,1724.65445815,1588.77531451,1544.21760125,927.509568684,32,2,YT5,2016-10-26 11:06:57.224021,5.0
857444,1783.4637647,1709.75524564,1571.0346909,1520.69359175,978.090997812,48,2,YT5,2016-10-26 11:06:57.224909,5.0
694600,1780.68806926,1693.836769,1554.35935356,1506.9210331,1000.12049274,64,2,YT5,2016-10-26 11:06:57.226159,5.0
202058,1180.76966424,830.265017931,542.342142932,326.430697086,114.612390255,80,2,YT5,2016-10-26 11:06:57.227813,5.0
237518,1190.73464718,818.231018723,508.866387178,261.0,109.963630351,96,2,YT5,2016-10-26 11:06:57.229446,5.0
202529,1172.23504469,916.792233824,565.238887551,395.237903041,154.85799947,112,2,YT5,2016-10-26 11:06:57.231103,5.0
215203,1225.71040625,840.872760886,527.796362246,274.867240682,175.826619145,128,2,YT5,2016-10-26 11:06:57.232720,5.0
1614376,1571.37264836,1511.64777643,1314.42116538,1068.18490909,0.0,16,2,YT6,2016-10-26 11:10:00.302504,6.0
883032,1722.52982558,1655.36219602,1483.6974085,1286.6926595,778.275658106,32,2,YT6,2016-10-26 11:10:00.303393,6.0
662749,1719.28328091,1629.4198354,1458.30998077,1271.62376511,827.320373253,48,2,YT6,2016-10-26 11:10:00.304144,6.0
535795,1704.87712167,1607.72385689,1444.41787582,1265.53308926,851.599671207,64,2,YT6,2016-10-26 11:10:00.304972,6.0
168452,1171.90272634,776.311793032,508.535151194,274.3811218,76.0854782465,80,2,YT6,2016-10-26 11:10:00.305854,6.0
168809,1219.2932379,811.746265775,535.232659691,274.565110675,75.5513070701,96,2,YT6,2016-10-26 11:10:00.306693,6.0
150558,1209.08105601,871.569848033,554.220172856,310.70725772,11.1803398875,112,2,YT6,2016-10-26 11:10:00.307503,6.0
171328,1280.93481489,862.449418807,535.928166828,245.279432485,62.6976873577,128,2,YT6,2016-10-26 11:10:00.313956,6.0
2075700,1489.79931534,1333.33491667,1270.25745422,1246.30975283,0.0,16,2,YT7,2016-10-26 11:14:29.825831,6.0
1113265,1732.07592212,1591.7700839,1534.06420987,1511.13599653,912.162266266,32,2,YT7,2016-10-26 11:14:29.826600,6.0
827181,1738.5873576,1588.91440927,1528.285968,1498.92728309,971.814282669,48,2,YT7,2016-10-26 11:14:29.827464,6.0
661903,1749.35759638,1592.66129481,1526.75833058,1494.47984262,1004.48743148,64,2,YT7,2016-10-26 11:14:29.828464,6.0
177313,1253.99481658,835.227513915,551.760817746,252.156697313,109.229116997,80,2,YT7,2016-10-26 11:14:29.829557,6.0
179734,1268.27796638,845.226596837,595.304123957,295.528340435,105.617233442,96,2,YT7,2016-10-26 11:14:29.830677,6.0
179145,1251.34207953,837.649091207,596.275942832,310.303077652,64.9230313525,112,2,YT7,2016-10-26 11:14:29.831696,6.0
176781,1241.6102448,831.005415145,632.625481624,312.408386571,106.395488626,128,2,YT7,2016-10-26 11:14:29.832629,6.0
405716,1789.91815455,1320.86676088,848.646569545,562.958257778,79.6178371975,16,2,YT8,2016-10-26 11:17:48.913642,6.0
246896,1744.60998507,1286.91025328,848.558778164,584.415947763,250.553387524,32,2,YT8,2016-10-26 11:17:48.914330,6.0
217176,1641.11516963,1196.13795191,784.750278751,525.591095815,228.560714035,48,2,YT8,2016-10-26 11:17:48.915065,6.0
193719,1555.14243721,1128.20609819,738.66162754,509.123757057,224.232022691,64,2,YT8,2016-10-26 11:17:48.915911,6.0
138344,1132.80271892,756.602934174,465.891618298,286.295302092,59.816385715,80,2,YT8,2016-10-26 11:17:48.916846,6.0
143357,1068.12171591,706.231548432,421.553080881,292.832716751,43.0232495286,96,2,YT8,2016-10-26 11:17:48.917653,6.0
144710,1004.36049305,880.884782477,564.726482467,292.834424206,42.6262829719,112,2,YT8,2016-10-26 11:17:48.918452,6.0
118973,1013.45152819,858.367054354,559.696346245,298.683779272,93.0698662296,128,2,YT8,2016-10-26 11:17:48.919209,6.0
2523526,1440.28295831,1342.38705298,1202.59344751,1156.66978866,0.0,16,3,YT9,2016-10-26 11:20:52.064276,2.0
1524347,1638.30613745,1502.43568914,1364.62632248,1327.54020655,809.284251669,32,3,YT9,2016-10-26 11:20:52.065081,2.0
1198034,1657.82025564,1493.4774856,1336.02844281,1296.90554783,856.336382504,48,3,YT9,2016-10-26 11:20:52.065932,2.0
1053519,1596.92235253,1429.72864558,1262.4321764,1223.67152455,827.585645115,64,3,YT9,2016-10-26 11:20:52.066846,2.04615384615
592000,1263.47853167,805.325400071,292.914663341,165.218037756,78.8416133777,80,3,YT9,2016-10-26 11:20:52.067753,2.29230769231
615474,1340.59837386,855.360158062,336.764012329,231.52969572,59.7243668866,96,3,YT9,2016-10-26 11:20:52.068665,2.53846153846
594758,1380.99384503,930.262866076,417.427838075,180.324707126,80.4300938704,112,3,YT9,2016-10-26 11:20:52.069643,2.796875
537024,1493.41588314,1044.51184771,509.297555462,183.474793909,75.6703376496,128,3,YT9,2016-10-26 11:20:52.070683,3.0
2507273,1412.83615469,1295.61606967,1238.25764686,1209.1120709,0.0,16,3,YT10,2016-10-26 11:25:21.666008,5.82352941176
1648026,1569.86145886,1428.79704647,1295.47250067,1255.9789011,669.322792082,32,3,YT10,2016-10-26 11:25:21.666670,5.90909090909
1351949,1591.56997961,1405.03416329,1230.88423501,1196.37535916,702.674177695,48,3,YT10,2016-10-26 11:25:21.667686,5.9387755102
1225298,1597.72212853,1362.97982377,1158.3971685,1112.11375317,669.225671952,64,3,YT10,2016-10-26 11:25:21.668814,5.95384615385
809739,1496.81595395,1047.00238777,433.187026583,289.207537938,41.0,80,3,YT10,2016-10-26 11:25:21.669878,6.0
823950,1513.18174718,1018.22345288,439.567969716,302.423544057,40.8044115262,96,3,YT10,2016-10-26 11:25:21.670940,6.0
717250,1578.12071782,1129.80794828,544.085471227,291.850989376,142.010562987,112,3,YT10,2016-10-26 11:25:21.671926,6.0
796473,1586.92343861,1090.23300262,481.298244335,296.811387922,168.249814264,128,3,YT10,2016-10-26 11:25:21.672879,6.0
606525,2065.92521646,2060.35967734,1348.80650947,778.733587307,0.0,16,3,YT11,2016-10-26 11:28:25.229366,5.0
1468748,1674.06929367,1462.25647545,1015.79722386,881.233226791,711.452036331,32,3,YT11,2016-10-26 11:28:25.230597,5.0
1638434,1618.35008574,1205.08298469,860.095343552,719.995833321,594.90839631,48,3,YT11,2016-10-26 11:28:25.232017,5.0
1747783,1552.04445813,1053.64367791,738.339352872,613.670921586,507.9773617,64,3,YT11,2016-10-26 11:28:25.233693,5.0
2122166,1345.24830422,678.889534461,348.459466796,255.460368746,89.375611886,80,3,YT11,2016-10-26 11:28:25.235403,5.0
2072166,1295.48871087,478.834000464,259.878817913,94.7839648886,41.509035161,96,3,YT11,2016-10-26 11:28:25.237122,5.0
2194347,1287.13635641,654.757970551,315.253865956,241.427007603,119.912468076,112,3,YT11,2016-10-26 11:28:25.238852,5.0
2095500,1243.8299723,578.03114103,253.826712542,191.269443456,149.140873003,128,3,YT11,2016-10-26 11:28:25.249829,5.0
448222,1778.01462311,1771.26056807,1159.55638069,669.49458549,0.0,16,3,YT12,2016-10-26 11:31:28.813192,2.88235294118
2460298,1792.00530133,1486.47334319,1389.75393505,1319.03980228,1282.77472691,32,3,YT12,2016-10-26 11:31:28.814566,2.93939393939
2196833,1675.2507275,1330.77571363,1235.79852727,1167.16836832,1136.55840149,48,3,YT12,2016-10-26 11:31:28.816248,2.95918367347
2065118,1615.35011685,1211.85065086,1123.79624488,1054.57716645,1027.53004822,64,3,YT12,2016-10-26 11:31:28.818157,2.96923076923
2345765,1434.87874052,938.39490621,876.312158994,820.675331663,802.084783548,80,3,YT12,2016-10-26 11:31:28.830025,3.0
1651866,1206.2706993,402.910660072,253.895647856,107.540689974,37.3898381917,96,3,YT12,2016-10-26 11:31:28.832496,3.0
1685538,1226.07014481,568.933212249,364.46947746,150.336289697,131.597872323,112,3,YT12,2016-10-26 11:31:28.835171,3.0
1627478,1218.04351318,518.556650714,327.563734256,85.9534757878,83.594258176,128,3,YT12,2016-10-26 11:31:28.838041,3.0
2339980,1153.74000537,1111.29429046,1041.03121951,958.913447606,0.0,16,1,YT0,2016-10-26 11:34:48.081773,4.0
1191070,1557.87483451,1525.31111581,1474.80235964,1418.52987279,1052.73025985,32,1,YT0,2016-10-26 11:34:48.082447,4.0
827307,1646.03766664,1606.54785176,1555.47999023,1501.74198849,1176.25549946,48,1,YT0,2016-10-26 11:34:48.083224,4.0
620485,1707.69845113,1669.66823052,1620.5909416,1569.08476508,1261.10348505,64,1,YT0,2016-10-26 11:34:48.084064,4.0
35492,1134.09787937,790.78505297,543.108644748,360.190227519,217.156625503,80,1,YT0,2016-10-26 11:34:48.085224,4.38461538462
24954,1253.13167704,879.028440951,611.474447545,417.700849891,273.477604202,96,1,YT0,2016-10-26 11:34:48.086092,4.87692307692
16,16.5831239518,11.4455231423,7.61577310586,4.472135955,3.0,112,1,YT0,2016-10-26 11:34:48.086880,5.515625
24771,1238.55076602,875.438176001,618.007281511,433.890539192,157.295899502,128,1,YT0,2016-10-26 11:34:48.087689,6.515625
2273850,1388.66482637,1332.5419318,1316.36431128,1306.89976662,0.0,16,1,YT1,2016-10-26 11:37:51.301852,5.94117647059
1211505,1679.20725344,1622.52087814,1603.25762122,1592.53791164,965.167343003,32,1,YT1,2016-10-26 11:37:51.302515,5.9696969697
807678,1795.41777868,1742.516284,1724.59386523,1714.63319693,1155.57518146,48,1,YT1,2016-10-26 11:37:51.303207,5.97959183673
617046,1831.28943644,1778.56093514,1760.39086569,1750.34139527,1219.67618653,64,1,YT1,2016-10-26 11:37:51.303983,6.07692307692
68615,1094.7666418,751.647523777,498.184704703,299.728210217,208.009615162,80,1,YT1,2016-10-26 11:37:51.304754,6.58461538462
31335,1023.77243565,713.011921359,488.38918907,321.911478515,190.131533418,96,1,YT1,2016-10-26 11:37:51.305533,7.07692307692
37148,967.3851353,675.269575799,463.186787376,300.670916452,171.767284429,112,1,YT1,2016-10-26 11:37:51.306351,8.0
25683,1029.22883753,724.385256614,506.514560501,347.110933276,217.469538097,128,1,YT1,2016-10-26 11:37:51.307117,8.90625
177020,1232.33437021,1112.90341,728.537576244,420.62096952,0.0,16,1,YT2,2016-10-26 11:40:54.312996,4.88235294118
1323180,1823.1481015,1423.27158336,1384.47679648,1029.56107153,996.40453632,32,1,YT2,2016-10-26 11:40:54.313796,4.93939393939
909082,1907.49023589,1536.12011249,1498.12382666,1186.67940068,1157.85534502,48,1,YT2,2016-10-26 11:40:54.314986,4.95918367347
687082,1956.58324638,1599.33830067,1562.95649332,1269.94369954,1243.1954794,64,1,YT2,2016-10-26 11:40:54.315893,4.96923076923
648089,2006.44536432,1642.19852637,1619.41069528,1329.01993965,1306.49799081,80,1,YT2,2016-10-26 11:40:54.316709,5.0
55983,980.78183099,673.034174467,445.528899175,266.938195094,150.575562426,96,1,YT2,2016-10-26 11:40:54.317517,5.0
41680,867.622613813,600.504787658,403.353443025,256.070302847,186.694938335,112,1,YT2,2016-10-26 11:40:54.318458,5.0
41879,867.249099164,589.831331823,402.300882425,255.495596831,186.107495819,128,1,YT2,2016-10-26 11:40:54.319231,5.0
2173555,1543.11665146,1515.48177158,1481.62849595,1474.28728544,0.0,16,1,YT3,2016-10-26 11:43:57.260043,5.88235294118
1099350,1846.0520036,1822.65191411,1794.60692075,1788.45967246,1024.51744739,32,1,YT3,2016-10-26 11:43:57.260762,5.93939393939
762177,1904.1806637,1875.1997227,1845.3555213,1837.77365309,1143.51869246,48,1,YT3,2016-10-26 11:43:57.261557,5.95918367347
600687,1914.43620944,1875.06666548,1840.57871334,1830.27730139,1172.44658727,64,1,YT3,2016-10-26 11:43:57.262644,6.15384615385
88350,1107.01580838,782.99936143,512.242130247,294.993220261,130.919822792,80,1,YT3,2016-10-26 11:43:57.263490,6.43076923077
82066,1140.90841,811.00739824,536.509086596,320.760034917,171.976742614,96,1,YT3,2016-10-26 11:43:57.264307,6.67692307692
67444,1102.93698823,767.98307273,530.830481416,326.217718709,223.95758527,112,1,YT3,2016-10-26 11:43:57.265106,6.9375
69188,958.290665717,661.229914629,544.307817324,241.275775825,216.778688989,128,1,YT3,2016-10-26 11:43:57.265924,7.0
2034924,1314.66877958,1266.36566599,1248.03565654,1242.13163554,0.0,16,1,YT4,2016-10-26 11:47:00.248826,4.88235294118
1017474,1657.03349393,1618.9777639,1604.68096518,1600.09374725,1008.67536899,32,1,YT4,2016-10-26 11:47:00.249828,4.93939393939
678328,1756.37125916,1720.51474856,1707.06883282,1702.75746952,1164.70425431,48,1,YT4,2016-10-26 11:47:00.250595,4.95918367347
508746,1804.00166297,1769.11079359,1756.03701556,1751.84616905,1235.36148556,64,1,YT4,2016-10-26 11:47:00.251391,5.06153846154
25307,1261.84705888,885.140666787,615.696353733,420.59957204,275.328894234,80,1,YT4,2016-10-26 11:47:00.252165,5.58461538462
25310,1261.76978883,885.084741706,615.65493582,420.567473778,275.301652738,96,1,YT4,2016-10-26 11:47:00.252934,6.07692307692
25730,1261.14947568,891.39609602,629.294048915,441.789542656,301.393430585,112,1,YT4,2016-10-26 11:47:00.253696,6.640625
40,33.8969025134,23.7065391823,16.3707055437,11.0453610172,6.48074069841,128,1,YT4,2016-10-26 11:47:00.254506,7.546875
2262838,300.945177732,224.40811037,38.1051177665,29.478805946,0.0,16,2,YT5,2016-10-26 11:50:03.267295,5.0
1280762,990.447878487,939.318902184,882.787630181,868.354190408,867.782230747,32,2,YT5,2016-10-26 11:50:03.268395,5.0
899624,1153.81280977,1093.39242726,1040.94668451,1022.54730942,1018.66186735,48,2,YT5,2016-10-26 11:50:03.269630,5.0
749628,1209.76567979,1112.98382738,1042.44088561,1015.56043641,1011.93725102,64,2,YT5,2016-10-26 11:50:03.271104,5.0
218279,1212.73492569,842.062349235,553.464542676,273.097052346,173.127120926,80,2,YT5,2016-10-26 11:50:03.271964,5.0
217573,1207.66634465,787.69981592,512.405113167,272.842445378,171.915677005,96,2,YT5,2016-10-26 11:50:03.272746,5.0
219611,1235.11375994,908.926289641,549.915448046,286.939017911,169.687948894,112,2,YT5,2016-10-26 11:50:03.273518,5.0
217011,1146.12826507,800.249336145,495.023231778,276.001811588,174.456298253,128,2,YT5,2016-10-26 11:50:03.274327,5.0
1594355,1117.94543695,998.761733348,857.467783651,806.693870065,0.0,16,2,YT6,2016-10-26 11:53:06.433622,6.0
865880,1345.02602205,1248.74216714,1139.46961346,1101.51486599,782.863334178,32,2,YT6,2016-10-26 11:53:06.434267,6.0
651346,1386.27955334,1264.60547207,1147.75389348,1103.02221193,827.333064733,48,2,YT6,2016-10-26 11:53:06.434946,6.0
519131,1405.07117257,1275.37680707,1163.04772043,1116.05689819,856.292006269,64,2,YT6,2016-10-26 11:53:06.435863,6.0
164881,1115.80822725,753.88129039,493.934206145,251.067719948,83.0301150186,80,2,YT6,2016-10-26 11:53:06.436758,6.0
168786,1219.55196691,811.948274215,535.255079378,274.63066107,75.7231800706,96,2,YT6,2016-10-26 11:53:06.437611,6.0
150510,1209.27540288,871.54976909,554.235509508,310.781273567,11.2249721603,112,2,YT6,2016-10-26 11:53:06.438465,6.0
171330,1233.2813953,826.406074518,505.742029102,218.190283927,44.8330235429,128,2,YT6,2016-10-26 11:53:06.439320,6.0
2241286,1081.7795524,896.959865323,699.495532509,379.363941354,0.0,16,2,YT7,2016-10-26 11:57:35.840337,5.88235294118
1180199,1451.81231569,1317.65473475,1193.62263718,1044.37397516,976.727188113,32,2,YT7,2016-10-26 11:57:35.841060,5.93939393939
882405,1499.78498459,1348.88583653,1226.23651878,1083.58109987,1025.49158943,48,2,YT7,2016-10-26 11:57:35.841780,5.95918367347
703323,1533.17807185,1375.72199226,1252.45758411,1115.8897795,1061.29496371,64,2,YT7,2016-10-26 11:57:35.842575,5.96923076923
177337,1257.36271616,840.961354641,558.632258288,259.586209187,155.270731305,80,2,YT7,2016-10-26 11:57:35.843346,6.0
187735,1305.53973513,873.758547884,611.515330961,305.147505315,134.357731449,96,2,YT7,2016-10-26 11:57:35.844110,6.0
179268,1229.32705168,858.854469628,558.660898936,310.435178419,65.0538238692,112,2,YT7,2016-10-26 11:57:35.844866,6.0
176925,1168.28506795,852.618906663,608.518693221,312.53639788,106.597373326,128,2,YT7,2016-10-26 11:57:35.845623,6.0
1042363,1732.20264403,1706.27195957,1691.16113957,953.402328506,0.0,16,2,YT8,2016-10-26 12:00:38.970284,5.88235294118
578229,1801.62648737,1753.69894794,1727.47532544,1096.85915231,610.369560185,32,2,YT8,2016-10-26 12:00:38.970954,5.93939393939
440831,1767.82719744,1692.68366803,1652.22123216,1069.86774884,641.425755641,48,2,YT8,2016-10-26 12:00:38.971685,5.95918367347
330624,1798.72482609,1724.92811444,1685.24004225,1120.18748431,722.240957022,64,2,YT8,2016-10-26 12:00:38.972515,5.96923076923
109408,1275.14783457,870.801929258,569.606881981,327.913098244,200.02999775,80,2,YT8,2016-10-26 12:00:38.973345,6.0
134496,1264.83160935,855.959111173,546.89304256,286.881508641,219.852223095,96,2,YT8,2016-10-26 12:00:38.974174,6.0
134545,1251.48192156,851.589689933,493.971659106,277.467115169,248.925691723,112,2,YT8,2016-10-26 12:00:38.974934,6.0
140877,1225.30159553,830.025300819,525.475974712,234.200768573,118.907527096,128,2,YT8,2016-10-26 12:00:38.975690,6.0
2619763,1419.45869965,1274.06397014,1195.19538152,1194.80542349,0.0,16,3,YT9,2016-10-26 12:03:42.079133,4.82352941176
1572473,1646.2961459,1474.12177245,1380.3202527,1375.20725711,835.170042566,32,3,YT9,2016-10-26 12:03:42.080572,4.90909090909
1230149,1666.26108398,1475.38164554,1356.85924104,1345.8164808,885.962753167,48,3,YT9,2016-10-26 12:03:42.082255,4.9387755102
1079761,1651.51173172,1426.33025629,1282.97700681,1270.14920383,856.463075678,64,3,YT9,2016-10-26 12:03:42.083863,5.01538461538
591982,1413.80019805,883.715451941,307.406896474,180.152712997,76.4460594145,80,3,YT9,2016-10-26 12:03:42.085287,5.30769230769
615453,1389.33401312,934.618638804,359.219988308,229.782505862,56.6745092612,96,3,YT9,2016-10-26 12:03:42.086245,5.55384615385
610634,1476.69055662,918.129620479,430.038370381,200.835753789,113.635381814,112,3,YT9,2016-10-26 12:03:42.087288,5.8125
536998,1526.72951108,1012.76502704,552.612884396,196.030609855,75.6835517137,128,3,YT9,2016-10-26 12:03:42.088228,6.0
2111257,1480.60528163,1325.9506024,783.681695588,731.486158447,90.8129946649,16,3,YT10,2016-10-26 12:08:27.573065,6.0
1458947,1529.47213116,1277.93857442,818.657437516,781.040972037,470.06914385,32,3,YT10,2016-10-26 12:08:27.574585,6.0
1245161,1576.39271757,1269.56409842,793.174633987,742.755006715,482.2499352,48,3,YT10,2016-10-26 12:08:27.576374,6.0
1068427,1581.04427515,1303.50949364,836.087316014,748.840436942,530.877575341,64,3,YT10,2016-10-26 12:08:27.578283,6.0
768286,1525.67362172,1017.2541472,462.568913785,217.89446987,144.443760682,80,3,YT10,2016-10-26 12:08:27.580163,6.0
767888,1529.90653309,1094.80591887,488.144445835,261.864468762,144.201248261,96,3,YT10,2016-10-26 12:08:27.582110,6.0
776320,1470.01224485,938.380519832,431.584290724,254.3186977,162.061716639,112,3,YT10,2016-10-26 12:08:27.584099,6.0
835401,1482.77274051,950.949525474,385.606016551,276.188341535,15.1986841536,128,3,YT10,2016-10-26 12:08:27.585978,6.0
2755909,1065.06197003,542.998158376,372.770707004,363.495529546,0.0,16,3,YT11,2016-10-26 12:11:31.643447,5.94117647059
2321627,1230.24022044,587.687842311,458.256478405,414.751732968,285.019297592,32,3,YT11,2016-10-26 12:11:31.644759,5.9696969697
2324193,1199.64994894,556.464733833,394.369116438,342.581377194,232.600515907,48,3,YT11,2016-10-26 12:11:31.646241,5.97959183673
2229071,1218.16049846,637.332723152,411.104609558,329.153459651,233.422363967,64,3,YT11,2016-10-26 12:11:31.647819,5.98461538462
2082418,1197.20883725,592.715783492,354.268259939,242.497422667,122.894263495,80,3,YT11,2016-10-26 12:11:31.649468,6.0
2176214,1084.70410712,590.310088005,330.281697949,212.136748349,98.8129546163,96,3,YT11,2016-10-26 12:11:31.651033,6.0
2120927,1053.74712336,474.029534945,234.948930621,207.354768453,162.215905509,112,3,YT11,2016-10-26 12:11:31.652905,6.0
2183699,938.182818005,454.869211972,195.887722944,151.963811482,93.1289428696,128,3,YT11,2016-10-26 12:11:31.654699,6.0
2907677,356.702957655,284.466166705,207.658373296,147.149583757,0.0,16,3,YT12,2016-10-26 12:14:35.134055,6.0
3245484,559.766915778,379.338898612,260.180706433,213.365882934,187.509999733,32,3,YT12,2016-10-26 12:14:35.134871,6.0
2711513,872.075111444,652.417044535,533.700290425,496.645749,488.224333683,48,3,YT12,2016-10-26 12:14:35.135777,6.0
2393537,976.571041963,740.638238278,627.463943187,585.537360038,573.801359357,64,3,YT12,2016-10-26 12:14:35.136752,6.0
2109275,1125.83613372,794.585426496,655.106098277,602.980099174,591.582623139,80,3,YT12,2016-10-26 12:14:35.137834,6.0
1635383,1154.91168494,560.103561853,319.535600521,161.585890473,95.3100204596,96,3,YT12,2016-10-26 12:14:35.139238,6.0
1667621,1143.33153547,579.738734259,337.804677291,144.751511218,110.819673344,112,3,YT12,2016-10-26 12:14:35.140989,6.0
1765374,1135.37570874,485.495623049,316.783837972,145.32033581,71.770467464,128,3,YT12,2016-10-26 12:14:35.142697,6.0
2237650,1338.363553,1250.55907497,1206.64866469,1177.68034712,0.0,16,1,YT0,2016-10-26 12:17:38.162249,4.94117647059
1189842,1636.29917802,1557.00513808,1517.58986554,1492.73909308,960.587320341,32,1,YT0,2016-10-26 12:17:38.163437,4.9696969697
793235,1753.29660925,1679.53624552,1643.06299331,1620.1382657,1148.61568856,48,1,YT0,2016-10-26 12:17:38.164888,4.97959183673
616758,1778.50330334,1701.20839405,1662.78501316,1639.05918136,1193.35954347,64,1,YT0,2016-10-26 12:17:38.166411,5.07692307692
57348,1137.12224497,786.033078184,529.385492812,333.931130624,252.665787158,80,1,YT0,2016-10-26 12:17:38.167794,5.58461538462
21847,1172.13181853,822.205570402,571.914329249,390.745441432,255.767472521,96,1,YT0,2016-10-26 12:17:38.168833,6.07692307692
46922,1197.70447106,839.178169401,580.740045115,299.721537431,207.0,112,1,YT0,2016-10-26 12:17:38.169705,6.90625
24747,1237.89498747,874.973142445,617.678719077,433.656546128,295.868213906,128,1,YT0,2016-10-26 12:17:38.170507,7.8125
2235317,1066.49894515,987.802105687,916.080236661,748.827750554,0.0,16,1,YT1,2016-10-26 12:20:41.246083,2.88235294118
1192371,1419.06694698,1356.41291648,1308.38067855,1199.86374226,955.115699798,32,1,YT1,2016-10-26 12:20:41.246714,2.93939393939
794918,1552.80005152,1495.75867037,1452.34259044,1355.40141656,1144.41600828,48,1,YT1,2016-10-26 12:20:41.247394,2.95918367347
627368,1586.98487705,1517.79708789,1468.77261685,1373.40744137,1174.24060567,64,1,YT1,2016-10-26 12:20:41.248167,3.06153846154
68540,1108.02391671,761.306114516,593.924237593,377.035807318,263.882549631,80,1,YT1,2016-10-26 12:20:41.248935,3.58461538462
31194,1400.83689272,982.635741259,683.512252999,466.967878981,305.718825066,96,1,YT1,2016-10-26 12:20:41.249699,4.07692307692
64548,1402.96044135,982.947099289,680.161745469,452.975716788,248.36666443,112,1,YT1,2016-10-26 12:20:41.250498,5.03125
32880,1427.07498051,1008.69172694,712.077945172,499.911992255,341.10555551,128,1,YT1,2016-10-26 12:20:41.251256,5.9375
2404431,943.23220895,882.82897551,845.554847423,372.055103446,0.0,16,1,YT2,2016-10-26 12:23:44.208017,5.0
1202229,1446.32326954,1407.6764543,1384.6042756,1157.84195813,1096.43695669,32,1,YT2,2016-10-26 12:23:44.209380,5.0
835469,1539.22415522,1497.03239778,1472.46629843,1269.73264902,1214.61187216,48,1,YT2,2016-10-26 12:23:44.210739,5.0
631865,1596.53499805,1555.79047432,1532.13609056,1340.06940119,1288.33691246,64,1,YT2,2016-10-26 12:23:44.212294,5.0
55986,980.751242671,673.009658177,445.510942627,318.854198655,194.622711933,80,1,YT2,2016-10-26 12:23:44.213177,5.0
61247,947.717257414,646.884069985,422.61921395,294.088422077,162.376106617,96,1,YT2,2016-10-26 12:23:44.213998,5.0
36329,908.62588561,632.784323447,431.619044992,275.312549659,206.281361252,112,1,YT2,2016-10-26 12:23:44.214795,5.0
57715,991.94052241,685.330577167,458.215015031,272.666462918,150.283066245,128,1,YT2,2016-10-26 12:23:44.215585,5.0
1944816,1310.86498161,1226.10807028,1028.87122615,817.171340662,174.318673698,16,1,YT3,2016-10-26 12:27:03.408754,6.0
921039,1598.05193908,1524.46580808,1361.26742413,1199.89791232,875.489006213,32,1,YT3,2016-10-26 12:27:03.409374,6.0
600684,1698.13868692,1627.51251915,1472.205828,1320.95268651,1027.95330633,48,1,YT3,2016-10-26 12:27:03.410084,6.0
475173,1708.98215321,1625.70630804,1469.35087709,1320.86713942,1041.7787673,64,1,YT3,2016-10-26 12:27:03.410853,6.0
66241,1075.87592221,824.590807613,553.962092566,346.864526869,211.716791965,80,1,YT3,2016-10-26 12:27:03.411613,6.0
59934,1118.14131486,862.324184979,584.664861267,375.430419652,245.279432485,96,1,YT3,2016-10-26 12:27:03.412374,6.0
67262,1075.56217858,808.017945345,626.578007913,407.283684918,223.906230373,112,1,YT3,2016-10-26 12:27:03.413128,6.0
68982,929.961827174,707.906067215,557.570623329,329.508725226,218.297961511,128,1,YT3,2016-10-26 12:27:03.413910,6.0
2028180,1241.54097798,1206.66233885,1108.21387827,1063.93279863,0.0,16,1,YT4,2016-10-26 12:30:06.361537,5.0
1014106,1598.57467764,1571.63990787,1497.3847201,1464.91535592,1006.99652432,32,1,YT4,2016-10-26 12:30:06.362200,5.0
676081,1701.00323339,1675.71596639,1606.28017481,1576.05615382,1162.77082867,48,1,YT4,2016-10-26 12:30:06.362879,5.0
539999,1701.11992523,1665.11501104,1593.14437513,1563.12379548,1171.51397772,64,1,YT4,2016-10-26 12:30:06.363675,5.15384615385
33183,1141.07011178,796.509886944,548.290069215,477.902709764,312.416388815,80,1,YT4,2016-10-26 12:30:06.364440,5.4
33179,1141.14241004,796.563242938,548.331104352,477.94037285,312.448395739,96,1,YT4,2016-10-26 12:30:06.365202,5.64615384615
33700,1141.01183167,802.362760851,565.096451944,506.271666203,345.440298749,112,1,YT4,2016-10-26 12:30:06.365973,6.125
10,11.5758369028,7.87400787401,5.09901951359,2.82842712475,1.41421356237,128,1,YT4,2016-10-26 12:30:06.366726,6.71875
2215364,1734.74637916,1325.7812791,1159.48566183,1127.67105133,93.0215028905,16,2,YT5,2016-10-26 12:33:25.476129,6.0
1226261,1889.36073845,1521.21201678,1370.50173294,1336.68956755,803.516645752,32,2,YT5,2016-10-26 12:33:25.476740,6.0
855567,1936.53763196,1596.40189176,1450.06172282,1414.39563065,950.173142117,48,2,YT5,2016-10-26 12:33:25.477418,6.0
714285,1904.81573912,1562.50439999,1409.6914556,1368.69171109,941.810490492,64,2,YT5,2016-10-26 12:33:25.478289,6.0
218235,1308.13837189,911.088908944,553.11662423,273.03662758,173.150223794,80,2,YT5,2016-10-26 12:33:25.479060,6.0
217503,1177.7368127,867.492363079,517.226256101,272.712302619,171.889499388,96,2,YT5,2016-10-26 12:33:25.479891,6.0
219540,1239.52652251,860.261006904,549.811785978,286.804811675,169.69678842,112,2,YT5,2016-10-26 12:33:25.480652,6.0
216963,1187.09140339,827.375368258,531.224999412,276.050719977,174.636765889,128,2,YT5,2016-10-26 12:33:25.487620,6.0
320553,823.622486337,751.573017078,506.96252327,40.0249921924,0.0,16,2,YT6,2016-10-26 12:36:28.500651,5.76470588235
246750,994.253991694,788.420573045,524.431120358,240.88586509,148.573214275,32,2,YT6,2016-10-26 12:36:28.501862,5.87878787879
306995,993.265825447,704.260605174,416.410854806,236.776265702,188.342772625,48,2,YT6,2016-10-26 12:36:28.504644,5.91836734694
317261,979.330383476,658.988619022,384.660889616,233.647169895,163.523698588,64,2,YT6,2016-10-26 12:36:28.505554,5.93846153846
269959,1032.81798977,666.406782679,390.094860258,307.957789315,234.814820657,80,2,YT6,2016-10-26 12:36:28.506473,6.0
284235,1052.76065656,674.873321446,383.981770401,260.714403131,211.598676744,96,2,YT6,2016-10-26 12:36:28.507291,6.0
213355,1102.99818676,748.769657505,478.119231991,295.120314448,198.224620065,112,2,YT6,2016-10-26 12:36:28.508054,6.0
186654,1177.48885345,787.042565558,497.0,204.193535647,120.133259341,128,2,YT6,2016-10-26 12:36:28.508814,6.0
2273278,1427.68659026,1365.29410751,1319.29071853,1314.72278447,0.0,16,2,YT7,2016-10-26 12:40:58.113638,5.82352941176
1212054,1712.15244648,1648.61638958,1605.32488924,1597.89204892,963.931532838,32,2,YT7,2016-10-26 12:40:58.114337,5.90909090909
893040,1732.46442965,1661.34403421,1607.4853032,1593.16414722,1033.74996977,48,2,YT7,2016-10-26 12:40:58.115075,5.9387755102
711321,1749.77741442,1667.76647046,1609.09011556,1591.46441996,1070.28033711,64,2,YT7,2016-10-26 12:40:58.116017,5.95384615385
177337,1250.91686374,886.741224935,551.809749823,252.186438969,109.210805326,80,2,YT7,2016-10-26 12:40:58.116915,6.0
179782,1265.38808276,895.564626367,595.40574401,295.590933555,105.560409245,96,2,YT7,2016-10-26 12:40:58.117789,6.0
179218,1212.73327653,808.260477816,574.767779194,310.404574709,64.976918979,112,2,YT7,2016-10-26 12:40:58.118637,6.0
176853,1202.15348438,800.965042933,602.980099174,312.494799957,106.442472726,128,2,YT7,2016-10-26 12:40:58.119494,6.0
956720,1727.90248567,1639.40172014,1613.64959021,978.096109797,0.0,16,2,YT8,2016-10-26 12:44:01.075859,6.0
532437,1764.17544479,1671.28034752,1640.79736714,1095.20454711,581.461950604,32,2,YT8,2016-10-26 12:44:01.076538,6.0
408810,1697.10341465,1609.63908998,1564.34299308,1059.72543614,606.90361673,48,2,YT8,2016-10-26 12:44:01.077279,6.0
338177,1682.96256643,1573.47990137,1516.02803404,1036.45019176,614.983739622,64,2,YT8,2016-10-26 12:44:01.078168,6.0
138427,1123.86920947,820.469987263,517.080264562,253.966533228,59.6573549531,80,2,YT8,2016-10-26 12:44:01.079048,6.0
143383,1214.78763576,879.3037018,561.155949804,292.877107333,43.1045241245,96,2,YT8,2016-10-26 12:44:01.079984,6.0
144686,1294.7049857,880.797366027,564.660960223,292.842961329,42.6028168083,112,2,YT8,2016-10-26 12:44:01.080756,6.0
118949,1254.00119617,858.247050679,559.614152787,298.626857466,93.0268778365,128,2,YT8,2016-10-26 12:44:01.081520,6.0
2397934,1414.67310712,1306.7092255,1256.219726,1205.90795669,96.7780966955,16,3,YT9,2016-10-26 12:47:04.058165,2.0
1536723,1567.21696009,1449.59270142,1385.33930862,1342.8581459,815.620622594,32,3,YT9,2016-10-26 12:47:04.058840,2.0
1206410,1574.67964996,1437.29920337,1348.97553721,1308.60039737,863.595391373,48,3,YT9,2016-10-26 12:47:04.059572,2.0
1045231,1554.32171702,1386.56265636,1287.53368888,1250.78615279,848.625359037,64,3,YT9,2016-10-26 12:47:04.060408,2.04615384615
579402,1124.64572199,749.94066432,289.912055631,190.40220587,62.5779513886,80,3,YT9,2016-10-26 12:47:04.061270,2.29230769231
615618,1241.06405959,808.686589477,271.304257246,193.961336353,83.4505841801,96,3,YT9,2016-10-26 12:47:04.062090,2.53846153846
610779,1349.36466531,949.863674429,405.690768936,234.014956787,68.7822651561,112,3,YT9,2016-10-26 12:47:04.062856,2.796875
549344,1422.89599058,970.228323643,494.101204208,250.319795462,80.6473806146,128,3,YT9,2016-10-26 12:47:04.063622,3.0
2375008,1467.7251105,1256.00875793,1094.7748627,1037.99566473,0.0,16,3,YT10,2016-10-26 12:51:33.580483,6.0
1593277,1599.9284359,1342.71664919,1138.10720057,1089.4682189,619.314136767,32,3,YT10,2016-10-26 12:51:33.581900,6.0
1349581,1607.65356965,1306.3927434,1056.17612168,1011.32190721,624.405317082,48,3,YT10,2016-10-26 12:51:33.583529,6.0
1169370,1627.68578049,1297.2154794,1035.74369416,984.778655333,648.684823316,64,3,YT10,2016-10-26 12:51:33.585401,6.0
786900,1496.031751,992.606669331,389.291664437,185.229587269,104.966661374,80,3,YT10,2016-10-26 12:51:33.587389,6.0
795441,1511.48833935,1030.76719001,430.47415718,248.945777229,108.18502669,96,3,YT10,2016-10-26 12:51:33.589013,6.0
775098,1572.55365568,1035.25793887,546.660772326,279.864252808,161.823978446,112,3,YT10,2016-10-26 12:51:33.590672,6.0
835252,1561.89916448,978.696582195,487.242239548,298.377277955,15.0996688705,128,3,YT10,2016-10-26 12:51:33.592245,6.0
2748566,1145.18339143,718.018801982,356.766029773,296.905708938,0.0,16,3,YT11,2016-10-26 12:54:37.299482,5.82352941176
2223092,1160.38786619,705.884551467,466.938968175,423.225708104,352.428716197,32,3,YT11,2016-10-26 12:54:37.300894,5.90909090909
2309925,1257.11534873,858.867859452,393.288698032,350.018570936,293.632423278,48,3,YT11,2016-10-26 12:54:37.302481,5.9387755102
2158361,1246.53038471,845.031952059,428.372501452,394.560515004,318.015722882,64,3,YT11,2016-10-26 12:54:37.304342,5.95384615385
2072598,1162.93636971,771.440211552,358.209435945,326.396997535,259.077208569,80,3,YT11,2016-10-26 12:54:37.306212,6.0
2184849,1136.03829161,746.008042852,338.805253796,303.394133101,206.016989591,96,3,YT11,2016-10-26 12:54:37.308069,6.0
2095294,1029.55670072,380.988188793,268.294614184,191.1386931,164.887840668,112,3,YT11,2016-10-26 12:54:37.309883,6.0
2184328,998.715174612,316.968452689,231.397925661,126.846363763,92.5850959928,128,3,YT11,2016-10-26 12:54:37.311673,6.0
4063217,171.39719951,124.691619606,76.8960337079,29.6984848098,0.0,16,3,YT12,2016-10-26 12:57:41.409417,5.70588235294
3191167,778.142660442,661.510392964,610.172926309,495.824565749,488.164931145,32,3,YT12,2016-10-26 12:57:41.414013,5.84848484848
2683889,942.520026312,768.343022354,713.44936751,621.843227832,616.974067526,48,3,YT12,2016-10-26 12:57:41.417437,5.89795918367
2378866,1039.23096567,858.514996957,757.319615486,666.897293442,662.895919432,64,3,YT12,2016-10-26 12:57:41.418372,5.92307692308
1798080,1104.99411763,689.563630131,483.41493564,253.889739848,236.757259656,80,3,YT12,2016-10-26 12:57:41.419302,6.0
1659091,1158.91975563,556.232864905,284.826262834,110.045445158,91.5587243249,96,3,YT12,2016-10-26 12:57:41.420290,6.0
1669925,1219.85040066,510.603564422,329.047109089,138.025359989,109.302333003,112,3,YT12,2016-10-26 12:57:41.421274,6.0
1767153,1229.85486949,524.835212233,334.896999091,126.70438035,70.1640933812,128,3,YT12,2016-10-26 12:57:41.422217,6.0
2130175,1248.38095147,1199.61452142,1057.49468084,920.365144929,0.0,16,1,YT0,2016-10-26 13:00:44.385994,4.94117647059
1136051,1548.71269124,1499.47490809,1388.73791624,1290.5615057,932.69877238,32,1,YT0,2016-10-26 13:00:44.386632,4.9696969697
757375,1666.47832269,1620.82263064,1518.95918313,1429.75382496,1117.39965992,48,1,YT0,2016-10-26 13:00:44.387363,4.97959183673
568035,1722.34346168,1678.20827075,1580.04968276,1494.49590163,1199.12843349,64,1,YT0,2016-10-26 13:00:44.388192,5.10769230769
35496,1089.11340089,758.594094361,519.603695137,360.231869773,326.148739075,80,1,YT0,2016-10-26 13:00:44.389020,5.61538461538
19,13.5646599663,9.05538513814,6.16441400297,3.46410161514,0.0,96,1,YT0,2016-10-26 13:00:44.389858,6.10769230769
24749,1238.05654152,875.087995575,617.76047138,157.222771888,157.210050569,112,1,YT0,2016-10-26 13:00:44.390654,6.96875
24747,1238.10783052,875.125705256,617.790417537,433.721108548,295.917218154,128,1,YT0,2016-10-26 13:00:44.391407,7.84375
2254333,1284.3414655,1204.20679287,1091.69180633,1037.49409637,0.0,16,1,YT1,2016-10-26 13:03:47.426713,5.88235294118
1201798,1593.53694654,1522.1281155,1432.64056902,1390.38304075,960.108847996,32,1,YT1,2016-10-26 13:03:47.427808,5.93939393939
801207,1714.61745005,1648.46292042,1566.21103303,1527.65342928,1149.9473901,48,1,YT1,2016-10-26 13:03:47.429051,5.95918367347
600908,1772.05953625,1708.13114251,1628.89563815,1591.85709158,1233.96434308,64,1,YT1,2016-10-26 13:03:47.430735,6.09230769231
68499,1074.20901132,762.494590145,593.84846552,376.998673738,263.751777245,80,1,YT1,2016-10-26 13:03:47.431690,6.61538461538
31191,1057.13859072,737.004070545,683.549559286,466.948605309,305.681206488,96,1,YT1,2016-10-26 13:03:47.432517,7.10769230769
49862,1047.71561027,729.08778621,496.377880249,314.771345583,163.104261134,112,1,YT1,2016-10-26 13:03:47.433286,8.03125
27851,964.640347487,676.886992045,470.047869903,316.18349103,182.748461006,128,1,YT1,2016-10-26 13:03:47.434102,8.90625
2551614,915.3157925,888.797502247,869.231269571,463.431764125,0.0,16,1,YT2,2016-10-26 13:06:50.504676,5.0
1275821,1453.80879073,1437.26058876,1425.2441896,1220.87386736,1129.49767596,32,1,YT2,2016-10-26 13:06:50.505623,5.0
884532,1548.35783978,1532.86626944,1518.57630694,1335.42764686,1254.16705426,48,1,YT2,2016-10-26 13:06:50.506385,5.0
668686,1609.34272298,1594.14302997,1580.30471745,1406.57527349,1330.23306229,64,1,YT2,2016-10-26 13:06:50.507151,5.0
56034,856.428631002,673.158228056,445.592863498,362.929745268,194.568753915,80,1,YT2,2016-10-26 13:06:50.507916,5.0
61318,830.280073228,646.982225413,422.649973382,337.498148143,162.194327891,96,1,YT2,2016-10-26 13:06:50.508677,5.0
36399,909.053903792,633.065557427,431.784668556,275.367027801,206.109194361,112,1,YT2,2016-10-26 13:06:50.509429,5.0
57779,992.106849084,685.41009622,458.235747187,272.607776852,150.136604464,128,1,YT2,2016-10-26 13:06:50.510202,5.0
2245469,1206.56661648,1104.41477716,962.640639076,856.377837172,0.0,16,1,YT3,2016-10-26 13:09:53.604484,5.88235294118
1135399,1590.31223349,1514.39823032,1415.09434314,1345.65597387,1041.78020715,32,1,YT3,2016-10-26 13:09:53.605580,5.93939393939
756939,1705.14574157,1634.5742565,1543.02495119,1479.60298729,1209.85412344,48,1,YT3,2016-10-26 13:09:53.614673,5.95918367347
596392,1717.61840931,1642.15437764,1550.8533135,1489.66237786,1234.09683575,64,1,YT3,2016-10-26 13:09:53.615529,6.15384615385
66368,1030.5037603,705.643677786,464.544938623,329.021275908,211.799433427,80,1,YT3,2016-10-26 13:09:53.616333,6.43076923077
60041,1069.84484856,736.497114726,491.11403971,357.280002239,245.432271717,96,1,YT3,2016-10-26 13:09:53.617174,6.67692307692
67370,1030.19512715,710.238692272,627.070171512,407.601521096,224.049101761,112,1,YT3,2016-10-26 13:09:53.618000,6.9375
68982,1015.09851739,698.128927921,635.372331787,344.10754133,218.270474412,128,1,YT3,2016-10-26 13:09:53.618764,7.0
2031467,1346.5604331,1283.28212019,1261.68855111,1247.57364512,0.0,16,1,YT4,2016-10-26 13:12:56.549267,5.0
984965,1708.29359303,1657.30413624,1640.11737385,1628.94475044,1023.91405889,32,1,YT4,2016-10-26 13:12:56.550066,5.0
677177,1779.7173933,1732.3357065,1716.40146819,1706.05304724,1163.71216372,48,1,YT4,2016-10-26 13:12:56.550870,5.0
520500,1800.33274702,1753.18681264,1737.75026975,1727.06977277,1209.49700289,64,1,YT4,2016-10-26 13:12:56.551649,5.09230769231
30145,893.914425435,620.054029904,465.943129577,305.743356428,177.9634794,80,1,YT4,2016-10-26 13:12:56.552418,5.58461538462
30621,886.945883355,615.225162034,462.319153832,303.376004325,176.606908132,96,1,YT4,2016-10-26 13:12:56.553184,6.07692307692
30611,893.842267965,827.045343376,579.702509913,482.546370829,329.250664388,112,1,YT4,2016-10-26 13:12:56.553970,6.59375
7,11.401754251,7.87400787401,5.19615242271,3.0,2.2360679775,128,1,YT4,2016-10-26 13:12:56.560595,7.5
2250896,1495.70685631,1411.62530439,1333.58051875,1317.21106889,0.0,16,2,YT5,2016-10-26 13:15:59.614456,5.82352941176
1199570,1771.36529265,1686.74034753,1616.30288003,1599.49835886,959.89686946,32,2,YT5,2016-10-26 13:15:59.615593,5.90909090909
895644,1777.19019804,1681.85403647,1603.07236268,1578.19548852,1014.3860212,48,2,YT5,2016-10-26 13:15:59.618071,5.9387755102
698463,1800.9283717,1704.32948692,1626.38402599,1602.02091122,1075.451998,64,2,YT5,2016-10-26 13:15:59.618882,5.95384615385
201986,1272.99096619,884.880782931,555.287313019,265.216892373,169.664374575,80,2,YT5,2016-10-26 13:15:59.619698,6.0
238397,1219.182513,863.338288274,518.249939701,194.06699874,157.022291411,96,2,YT5,2016-10-26 13:15:59.620470,6.0
202557,1263.78360489,877.0,565.28399942,395.241698205,154.935470439,112,2,YT5,2016-10-26 13:15:59.621239,6.0
215207,1268.33867717,842.720000949,527.810572081,274.876335831,175.903382571,128,2,YT5,2016-10-26 13:15:59.622294,6.0
1562233,1506.89282963,1435.32017334,1339.70145928,1053.53927312,0.0,16,2,YT6,2016-10-26 13:19:02.613658,6.0
846443,1660.08403402,1590.26978843,1505.92098066,1276.56962207,778.012210701,32,2,YT6,2016-10-26 13:19:02.614361,6.0
638325,1644.58809433,1564.84152552,1471.83796663,1255.53494575,819.031134939,48,2,YT6,2016-10-26 13:19:02.615034,6.0
517478,1648.52752479,1552.31472324,1453.5508247,1246.84963007,839.800571564,64,2,YT6,2016-10-26 13:19:02.615865,6.0
163146,1144.78862678,802.369615576,490.252995911,246.700222943,86.9137503506,80,2,YT6,2016-10-26 13:19:02.616632,6.0
168715,1148.24126385,861.232837275,535.27843222,274.707116763,75.5711585196,96,2,YT6,2016-10-26 13:19:02.617390,6.0
150486,1171.3594666,786.270945667,554.295047786,310.869747644,11.2249721603,112,2,YT6,2016-10-26 13:19:02.618179,6.0
171256,1107.11697666,787.126419325,536.006529811,245.424122694,62.7295783502,128,2,YT6,2016-10-26 13:19:02.618933,6.0
2150658,1734.06862609,1309.07562807,1284.37611314,1275.51636603,0.0,16,2,YT7,2016-10-26 13:23:32.327381,6.0
1134887,1962.66145833,1605.18659351,1578.27279011,1567.47089287,953.497246981,32,2,YT7,2016-10-26 13:23:32.328040,6.0
852199,1922.17845165,1589.8729509,1559.63906081,1539.31803082,997.347482074,48,2,YT7,2016-10-26 13:23:32.328776,6.0
680667,1915.80426975,1591.77385328,1559.26713555,1535.69267759,1031.3641452,64,2,YT7,2016-10-26 13:23:32.329613,6.0
177338,1067.78228118,756.021163725,592.998313657,295.274448607,155.277171535,80,2,YT7,2016-10-26 13:23:32.330876,6.0
187687,984.151411115,689.651361196,552.516063115,242.505670037,134.435858312,96,2,YT7,2016-10-26 13:23:32.331665,6.0
179145,1133.19504058,891.520050251,584.547688388,310.301466319,64.9230313525,112,2,YT7,2016-10-26 13:23:32.332433,6.0
177742,1095.49714742,888.768811334,634.935429788,313.902851214,105.97641247,128,2,YT7,2016-10-26 13:23:32.333199,6.0
660920,1763.49936206,1231.014216,1225.13346212,679.207626577,50.8035431835,16,2,YT8,2016-10-26 13:26:51.577707,5.0
378684,1771.55101535,1268.65637586,1236.1917327,765.887720231,411.195817099,32,2,YT8,2016-10-26 13:26:51.578389,5.0
306292,1704.53835392,1218.80187069,1156.96024132,722.854757195,410.425389078,48,2,YT8,2016-10-26 13:26:51.579073,5.0
228506,1730.49068186,1251.83345538,1191.38029193,773.96123934,493.01825524,64,2,YT8,2016-10-26 13:26:51.579842,5.0
109359,1275.21488385,870.86508714,569.677979213,328.022865057,199.962496484,80,2,YT8,2016-10-26 13:26:51.580612,5.0
134449,1264.93161871,856.037382361,546.977147603,287.003484299,219.849948829,96,2,YT8,2016-10-26 13:26:51.581380,5.0
134473,1251.4303816,851.583231399,546.334146837,277.598631121,248.927700347,112,2,YT8,2016-10-26 13:26:51.582184,5.0
140804,1225.24487348,830.014457705,525.505470952,234.328828786,119.0,128,2,YT8,2016-10-26 13:26:51.582946,5.0
2538087,1270.71239862,1196.49947764,1169.572999,1162.50247312,0.0,16,3,YT9,2016-10-26 13:29:54.682651,4.88235294118
1531770,1530.46757561,1404.94092402,1346.35767907,1336.17962864,813.088556063,32,3,YT9,2016-10-26 13:29:54.683868,4.93939393939
1205833,1585.53461016,1407.98473003,1317.64828388,1302.51833001,857.949299201,48,3,YT9,2016-10-26 13:29:54.684766,4.95918367347
1067588,1569.97452209,1350.52212126,1236.7869663,1221.47738415,822.952003461,64,3,YT9,2016-10-26 13:29:54.685589,4.96923076923
592030,1424.83227083,855.057308021,294.871158305,170.423003142,69.6921803361,80,3,YT9,2016-10-26 13:29:54.686378,5.0
615410,1467.72238519,883.734688693,348.991403906,222.517415049,47.7283982551,96,3,YT9,2016-10-26 13:29:54.687168,5.0
564236,1476.91468948,1003.24423746,474.158201448,201.504342385,44.192759588,112,3,YT9,2016-10-26 13:29:54.687949,5.0
537033,1522.50878487,1060.6097303,526.197681485,173.213740794,75.4718490565,128,3,YT9,2016-10-26 13:29:54.688745,5.0
2400370,1107.98375439,1051.09038622,1037.84440067,1005.91848576,0.0,16,3,YT10,2016-10-26 13:34:24.190239,6.0
1630201,1377.1227251,1194.81002674,1081.02220144,1053.10540783,603.205603422,32,3,YT10,2016-10-26 13:34:24.191623,6.0
1369715,1435.05574805,1194.65476185,1019.36303641,990.463023035,622.718234838,48,3,YT10,2016-10-26 13:34:24.193346,6.0
1181350,1503.56210381,1216.91577359,1014.10354501,971.235295899,653.689528752,64,3,YT10,2016-10-26 13:34:24.195025,6.0
792517,1580.19017843,1055.58893514,411.077851507,190.620040919,114.47707194,80,3,YT10,2016-10-26 13:34:24.196548,6.0
788963,1580.22498398,1073.75509312,436.036695703,252.156697313,112.267537605,96,3,YT10,2016-10-26 13:34:24.198151,6.0
731165,1586.58973903,1069.2043771,509.489941019,232.888385284,163.422764632,112,3,YT10,2016-10-26 13:34:24.199873,6.0
835204,1437.94784328,937.921105424,396.797177409,260.073066656,15.1327459504,128,3,YT10,2016-10-26 13:34:24.201586,6.0
2807182,1199.3614968,732.060106822,480.936586256,367.047680826,0.0,16,3,YT11,2016-10-26 13:37:27.973967,5.88235294118
2271118,1177.89430765,706.678852096,543.20622235,458.215015031,355.709150852,32,3,YT11,2016-10-26 13:37:27.975262,5.93939393939
2295694,1160.29522105,677.002215654,500.778394103,373.296129099,289.786128032,48,3,YT11,2016-10-26 13:37:27.976602,5.95918367347
2250568,1102.23364129,622.776846069,444.80669959,332.543230272,258.764371582,64,3,YT11,2016-10-26 13:37:27.978207,5.96923076923
2087161,1056.22866842,573.572140188,349.888553685,203.727759522,153.05227865,80,3,YT11,2016-10-26 13:37:27.979743,6.0
2184436,1079.64253343,540.420206876,303.570420166,145.8972241,63.387695967,96,3,YT11,2016-10-26 13:37:27.981254,6.0
2126823,1023.55459063,400.864066736,296.131727446,190.963347269,133.585178819,112,3,YT11,2016-10-26 13:37:27.988689,6.0
2182166,1043.43135855,470.228667778,283.837981954,152.947703481,89.1795940785,128,3,YT11,2016-10-26 13:37:27.990581,6.0
4308173,505.365214474,308.731274736,199.639675415,49.5883050729,0.0,16,3,YT12,2016-10-26 13:40:31.627382,6.0
3221785,975.117428826,764.247342161,693.635350887,618.390653228,605.252839729,32,3,YT12,2016-10-26 13:40:31.628159,6.0
2734960,1120.81131329,803.78977351,749.540525922,689.005079807,678.971280689,48,3,YT12,2016-10-26 13:40:31.628999,6.0
2418085,1194.22150374,844.514653514,791.027180317,726.262349293,718.075901281,64,3,YT12,2016-10-26 13:40:31.629836,6.0
1736673,1199.29270822,515.851722882,411.964804322,228.488511746,191.901016152,80,3,YT12,2016-10-26 13:40:31.630614,6.0
1620923,1231.7329256,494.722144239,339.35085089,97.6882797474,85.4868410927,96,3,YT12,2016-10-26 13:40:31.631382,6.0
1682925,1203.1429674,451.80194776,259.649764105,149.572724786,135.572858641,112,3,YT12,2016-10-26 13:40:31.632144,6.0
1737806,1197.08103318,458.849648578,281.536853715,117.936423551,91.8803569867,128,3,YT12,2016-10-26 13:40:31.633785,6.0
2298430,1050.55985075,1015.25267791,936.418709766,773.262568601,0.0,16,1,YT0,2016-10-26 13:43:34.839900,5.76470588235
1220231,1424.1636142,1397.73173392,1337.72717697,1231.74307386,976.062497999,32,1,YT0,2016-10-26 13:43:34.840532,5.87878787879
813492,1560.43711825,1536.35152228,1481.97098487,1387.05299106,1165.94425253,48,1,YT0,2016-10-26 13:43:34.841214,5.91836734694
613997,1617.25199026,1593.92785282,1541.78889606,1451.31526554,1243.09854798,64,1,YT0,2016-10-26 13:43:34.842031,6.0
39392,819.850596145,754.094158577,514.423949676,335.712674768,300.274874074,80,1,YT0,2016-10-26 13:43:34.842807,6.55384615385
3893,492.602273645,345.515556813,240.299812734,164.228499354,107.522090753,96,1,YT0,2016-10-26 13:43:34.843577,7.04615384615
28683,906.32334186,818.671484785,574.479764657,156.773722288,145.279041847,112,1,YT0,2016-10-26 13:43:34.844343,7.859375
24748,959.754135183,874.955427436,617.664957724,433.647322141,295.858074083,128,1,YT0,2016-10-26 13:43:34.845107,8.796875
2271376,1280.13280561,1110.14188282,1000.45239767,905.295531857,0.0,16,1,YT1,2016-10-26 13:46:37.828977,6.0
1210365,1589.39139296,1453.95254393,1371.85786436,1304.16908413,964.409663991,32,1,YT1,2016-10-26 13:46:37.829635,6.0
806917,1711.6021734,1586.63102201,1511.75957083,1450.61400793,1154.78006564,48,1,YT1,2016-10-26 13:46:37.830362,6.0
636362,1736.32197475,1604.35719215,1526.07797966,1464.38997538,1185.46362239,64,1,YT1,2016-10-26 13:46:37.831170,6.09230769231
68567,1198.14940638,842.068287017,593.369193673,376.597928831,263.550754125,80,1,YT1,2016-10-26 13:46:37.831977,6.58461538462
31238,1399.81998843,981.899689378,682.967056307,466.527598326,305.293301597,96,1,YT1,2016-10-26 13:46:37.832779,7.07692307692
39338,1288.1071384,908.210328063,635.514751992,436.326712453,296.996632978,112,1,YT1,2016-10-26 13:46:37.833551,8.03125
7621,685.973760431,484.849461173,342.254291427,240.31645803,163.932913108,128,1,YT1,2016-10-26 13:46:37.834322,8.9375
2568927,1052.72456037,994.887933387,925.845559475,667.971556281,0.0,16,1,YT2,2016-10-26 13:49:40.853510,3.0
1284470,1546.8254588,1508.05901741,1463.43124198,1315.53373199,1133.33357843,32,1,YT2,2016-10-26 13:49:40.854158,3.0
890358,1639.5722003,1597.90112335,1554.10520879,1420.30278462,1258.66317973,48,1,YT2,2016-10-26 13:49:40.854845,3.0
673033,1697.10488774,1656.80264365,1614.73558207,1487.33721798,1335.05355698,64,1,YT2,2016-10-26 13:49:40.855620,3.0
56030,981.413266672,673.476057481,445.839657276,363.136338033,194.766526898,80,1,YT2,2016-10-26 13:49:40.856389,3.0
61295,948.328529572,647.313679757,422.920796367,337.763230681,162.505384526,96,1,YT2,2016-10-26 13:49:40.862813,3.0
36328,908.598921417,632.793015132,431.624837098,275.317997959,206.286208943,112,1,YT2,2016-10-26 13:49:40.864461,3.0
57714,991.945563022,685.33349546,458.217197408,272.670130377,150.286393263,128,1,YT2,2016-10-26 13:49:40.865966,3.0
1057240,422.758796479,240.455817147,128.619594153,89.6716231592,0.0,16,1,YT3,2016-10-26 13:52:44.271325,6.0
1012621,401.869381765,208.446635857,119.406867474,88.1305849294,44.3395985548,32,1,YT3,2016-10-26 13:52:44.271973,6.0
794555,610.11802137,500.549697832,434.951721459,424.482037311,348.376233403,48,1,YT3,2016-10-26 13:52:44.272685,6.0
624522,733.332121211,643.921579076,578.893772639,562.185022924,504.666226332,64,1,YT3,2016-10-26 13:52:44.273890,6.0
391559,850.709703718,749.028036858,661.923711616,633.645011027,554.191302711,80,1,YT3,2016-10-26 13:52:44.275556,6.0
149560,989.828773071,860.149405627,666.315991103,595.824638631,336.670462025,96,1,YT3,2016-10-26 13:52:44.276521,6.0
67287,999.152640991,686.972342966,626.641045576,407.357336991,223.946422164,112,1,YT3,2016-10-26 13:52:44.277304,6.0
68981,1015.09851739,698.113171341,557.528474609,329.517829563,218.302542358,128,1,YT3,2016-10-26 13:52:44.278119,6.0
2045073,1178.43625199,1039.89374457,885.0440667,872.888309006,0.0,16,1,YT4,2016-10-26 13:55:47.278303,5.0
1022548,1552.80327151,1450.47164743,1343.79909213,1335.82446452,1011.18791528,32,1,YT4,2016-10-26 13:55:47.278930,5.0
681711,1658.9074718,1563.53765545,1465.12217921,1457.81171624,1167.60524151,48,1,YT4,2016-10-26 13:55:47.279608,5.0
536574,1676.77070585,1574.9841269,1475.63037377,1465.46511388,1190.30164244,64,1,YT4,2016-10-26 13:55:47.280375,5.12307692308
25308,1261.82130272,885.122025486,615.682548072,420.567473778,275.287122837,80,1,YT4,2016-10-26 13:55:47.281144,5.61538461538
25310,1261.76978883,885.084741706,615.65493582,420.546073576,275.270775783,96,1,YT4,2016-10-26 13:55:47.281959,6.10769230769
46164,1194.16288671,836.846461425,478.175699926,339.129768673,229.320736088,112,1,YT4,2016-10-26 13:55:47.282720,6.71875
20476,1125.92095637,795.825357726,561.800676397,394.400811358,269.081771958,128,1,YT4,2016-10-26 13:55:47.283668,7.59375
2271344,867.819681731,848.458013104,821.463328457,214.932547559,0.0,16,2,YT5,2016-10-26 14:46:34.058231,5.94117647059
1281750,1262.73235486,1211.11972984,1177.14230236,897.401248049,874.087524222,32,2,YT5,2016-10-26 14:46:34.059279,5.9696969697
946065,1341.62811539,1281.72149861,1231.40204645,982.651006207,963.483782946,48,2,YT5,2016-10-26 14:46:34.062802,5.97959183673
752146,1377.57758402,1311.40649686,1261.00039651,1034.67627788,1012.77638203,64,2,YT5,2016-10-26 14:46:34.063816,5.98461538462
234733,1091.65653939,758.929509243,488.723848405,216.857095803,103.846039886,80,2,YT5,2016-10-26 14:46:34.064650,6.0
235138,1130.59320713,786.687358485,488.274512954,216.797140203,104.713895926,96,2,YT5,2016-10-26 14:46:34.065430,6.0
202607,1128.05008754,917.013631305,565.385709052,395.293561799,154.748182542,112,2,YT5,2016-10-26 14:46:34.066227,6.0
215233,1241.94202763,840.970272959,527.854146522,274.896344101,175.675837838,128,2,YT5,2016-10-26 14:46:34.067003,6.0
1740649,804.169758198,556.40183321,475.463983915,377.282387609,0.0,16,2,YT6,2016-10-26 14:49:37.098585,6.0
976660,1121.4646673,961.916316527,906.80262461,851.175657547,773.063386793,32,2,YT6,2016-10-26 14:49:37.099279,6.0
694930,1222.86875829,1065.60921543,1007.41351986,956.833841375,887.903147871,48,2,YT6,2016-10-26 14:49:37.099984,6.0
585745,1240.02096756,1068.25371518,996.928282275,936.138344477,873.242807013,64,2,YT6,2016-10-26 14:49:37.100783,6.0
185318,1064.47263939,751.726013917,516.56945322,230.672928624,122.417319036,80,2,YT6,2016-10-26 14:49:37.127127,6.0
163517,1097.26614821,809.749961408,553.831201721,292.76099467,135.683455145,96,2,YT6,2016-10-26 14:49:37.128973,6.0
153486,1119.36097842,788.618412161,489.798938341,212.821521468,30.2654919008,112,2,YT6,2016-10-26 14:49:37.130592,6.0
144316,1078.36542971,761.51428089,515.900184144,239.482775999,15.748015748,128,2,YT6,2016-10-26 14:49:37.131962,6.0
2034698,427.94392156,406.384054805,365.872928761,200.127459385,0.0,16,2,YT7,2016-10-26 14:54:07.026796,6.0
1183202,978.655199751,953.423305778,884.169666976,832.886546896,782.803934584,32,2,YT7,2016-10-26 14:54:07.027447,6.0
884452,1064.86994511,1040.56811406,965.037823093,906.155615775,865.063581478,48,2,YT7,2016-10-26 14:54:07.028165,6.0
704910,1121.12532752,1095.33739094,1015.12856329,955.740027413,917.273677808,64,2,YT7,2016-10-26 14:54:07.029007,6.0
230595,1018.54013176,949.609919914,610.415432308,425.196425197,168.579358167,80,2,YT7,2016-10-26 14:54:07.030043,6.0
187797,921.400564358,872.729053028,611.452369363,305.02622838,134.428419614,96,2,YT7,2016-10-26 14:54:07.030898,6.0
179225,1011.9906126,662.113283359,425.063524664,310.172532633,64.88451279,112,2,YT7,2016-10-26 14:54:07.031720,6.0
176805,996.440665569,717.863496774,461.544147401,312.425991236,106.315568004,128,2,YT7,2016-10-26 14:54:07.032705,6.0
1090316,1238.07229191,1170.26962705,980.875629221,978.109400834,0.0,16,2,YT8,2016-10-26 14:57:10.132610,6.0
602210,1394.75015684,1308.07186347,1139.74076,1128.04742808,628.98489648,32,2,YT8,2016-10-26 14:57:10.133354,6.0
456815,1412.92922682,1297.43516216,1125.89697575,1103.4296534,663.510361637,48,2,YT8,2016-10-26 14:57:10.134118,6.0
342612,1452.7787168,1340.72219345,1175.51818361,1154.01733089,744.611307999,64,2,YT8,2016-10-26 14:57:10.134905,6.0
109408,1173.23484435,795.953516231,569.864896269,328.141737668,200.024998438,80,2,YT8,2016-10-26 14:57:10.135730,6.0
134469,1071.05181947,711.579229601,509.591993658,287.041808801,219.806733291,96,2,YT8,2016-10-26 14:57:10.136984,6.0
134496,995.629951337,851.670123933,546.391800817,277.650859894,248.877479897,112,2,YT8,2016-10-26 14:57:10.138751,6.0
140851,975.738182096,830.043372361,525.503568018,234.258404332,118.798148134,128,2,YT8,2016-10-26 14:57:10.140109,6.0
1492685,516.717524379,401.537046859,298.901321509,43.4050688284,0.0,16,3,YT9,2016-10-26 15:00:13.833776,6.0
1641106,794.875461944,682.6602376,484.6163431,420.713679359,115.857671304,32,3,YT9,2016-10-26 15:00:13.834550,6.0
1275870,977.204175186,833.788342447,650.847140272,602.717180774,469.699904194,48,3,YT9,2016-10-26 15:00:13.835439,6.0
1097330,1050.58126768,882.891273034,689.992753585,641.181721511,528.708804542,64,3,YT9,2016-10-26 15:00:13.836442,6.03076923077
902811,1198.44023631,987.335809135,705.562187195,674.206199912,543.256845332,80,3,YT9,2016-10-26 15:00:13.867861,6.27692307692
615502,1166.19123646,825.766916266,316.483806853,222.7150646,86.0813568666,96,3,YT9,2016-10-26 15:00:13.870087,6.52307692308
610710,1137.5499989,817.279022122,389.152926239,225.23765227,43.1624837098,112,3,YT9,2016-10-26 15:00:13.871730,6.78125
566718,1167.62408334,863.809585499,442.156081039,244.049175373,103.961531347,128,3,YT9,2016-10-26 15:00:13.873316,7.0
1283336,1043.7298501,644.7340537,166.349030655,21.7485631709,0.0,16,3,YT11,2016-10-26 15:19:24.817199,5.64705882353
1361661,758.051449441,490.625111465,193.724030518,109.685915231,67.1192967782,32,3,YT11,2016-10-26 15:19:24.818029,5.81818181818
1492636,662.72769672,432.526299778,234.303222342,197.775124826,160.390149323,48,3,YT11,2016-10-26 15:19:24.818907,5.87755102041
1606829,613.260955874,413.428349294,276.264366142,227.178344038,205.59426062,64,3,YT11,2016-10-26 15:19:24.819925,5.90769230769
1854487,439.806775755,341.212543732,284.740232493,239.751955154,222.355571102,80,3,YT11,2016-10-26 15:19:24.821015,6.0
2103084,438.815450959,320.845757335,252.707340614,203.44532435,183.744387669,96,3,YT11,2016-10-26 15:19:24.822328,6.0
2162613,399.33069003,303.902945033,246.343256453,174.103417543,133.891747318,112,3,YT11,2016-10-26 15:19:24.823528,6.0
1935441,528.436372707,483.499741468,426.391838571,373.807437058,260.827529222,128,3,YT11,2016-10-26 15:19:24.824879,6.0
1501980,448.139487214,403.702861025,283.169560511,79.5235814083,0.0,16,3,YT12,2016-10-26 15:22:33.178100,5.88235294118
1384141,488.355403369,449.382910222,388.853442829,168.91713945,100.159872204,32,3,YT12,2016-10-26 15:22:33.178923,5.93939393939
1430541,539.486793166,478.521681849,441.342270806,199.308805626,97.3704267219,48,3,YT12,2016-10-26 15:22:33.179774,5.95918367347
1389197,511.448922181,447.110724541,393.60513208,186.536859628,104.942841585,64,3,YT12,2016-10-26 15:22:33.180768,5.96923076923
1387588,486.453492124,407.558584746,366.731509418,183.073755629,103.778610513,80,3,YT12,2016-10-26 15:22:33.181806,6.0
1378790,473.550419702,364.906837426,301.542700127,167.236359683,112.049096382,96,3,YT12,2016-10-26 15:22:33.183059,6.0
1300707,365.527016785,253.272580435,156.70354176,98.1427531711,101.823376491,112,3,YT12,2016-10-26 15:22:33.183978,6.0
1318526,389.557441207,285.510069875,139.294651728,112.066944279,116.726175299,128,3,YT12,2016-10-26 15:22:33.184853,6.0
1476432,553.465446076,269.039030626,106.150836078,5.65685424949,0.0,16,1,YT0,2016-10-26 15:25:36.493647,5.94117647059
1216573,865.770754877,660.878960173,588.335788475,539.562785967,235.594991458,32,1,YT0,2016-10-26 15:25:36.494857,5.9696969697
811054,1074.73996855,917.75214519,866.975778208,834.647829926,678.981590325,48,1,YT0,2016-10-26 15:25:36.496213,5.97959183673
630338,1137.44494372,989.212312904,943.416662986,911.474629378,774.805782116,64,1,YT0,2016-10-26 15:25:36.497769,6.07692307692
261232,1364.77507304,1196.87259138,1142.49595185,1085.45290087,788.770562331,80,1,YT0,2016-10-26 15:25:36.499362,6.58461538462
22063,861.801021118,600.264941505,574.654678916,392.611767526,257.027235911,96,1,YT0,2016-10-26 15:25:36.500788,7.07692307692
47169,860.140686167,711.851810421,582.065288434,301.565913193,208.098534353,112,1,YT0,2016-10-26 15:25:36.502185,7.96875
24775,884.167404964,619.834655372,618.003236237,433.882472566,296.018580498,128,1,YT0,2016-10-26 15:25:36.503760,8.875
1784242,232.02801555,132.37069162,97.6268405716,89.5153618101,0.0,16,1,YT1,2016-10-26 15:28:39.727014,6.0
1186719,757.756557213,710.427336186,683.493233324,604.850394726,548.505241543,32,1,YT1,2016-10-26 15:28:39.727698,6.0
791150,984.76139242,948.824008971,928.829370767,872.585239389,834.517225706,48,1,YT1,2016-10-26 15:28:39.728438,6.0
619532,1054.45388709,1017.74063494,991.039857927,936.09881957,899.789975494,64,1,YT1,2016-10-26 15:28:39.729400,6.12307692308
178552,1116.39419561,1033.66774159,948.691203712,731.628320939,568.710822827,80,1,YT1,2016-10-26 15:28:39.730306,6.61538461538
31263,954.435959088,834.157658959,576.435599178,387.954894285,244.260107263,96,1,YT1,2016-10-26 15:28:39.731185,7.10769230769
65858,915.071581899,753.522395155,687.37689807,457.829662648,248.139073908,112,1,YT1,2016-10-26 15:28:39.732980,8.046875
34115,912.338752876,742.3307888,725.350949541,509.23079247,347.463667165,128,1,YT1,2016-10-26 15:28:39.734833,8.921875
1742753,287.859340651,180.731845561,68.6731388536,66.3927706908,0.0,16,1,YT2,2016-10-26 15:31:43.435729,4.88235294118
1259473,849.120132843,789.319960472,734.882303502,653.946480991,430.629771381,32,1,YT2,2016-10-26 15:31:43.438020,4.93939393939
873629,1035.5930668,978.24690135,930.893119536,869.366435975,720.451941492,48,1,YT2,2016-10-26 15:31:43.439498,4.95918367347
660488,1128.16798395,1075.57147601,1032.71438452,977.896722563,849.267331292,64,1,YT2,2016-10-26 15:31:43.441072,4.96923076923
250029,1317.5906041,1219.4921074,1133.92415972,993.266832226,611.059735214,80,1,YT2,2016-10-26 15:31:43.442676,5.0
61248,836.136352517,564.744189877,379.374485173,269.109643083,162.35455029,96,1,YT2,2016-10-26 15:31:43.444243,5.0
56062,847.991155614,515.77611422,355.517932037,229.923900454,162.858834578,112,1,YT2,2016-10-26 15:31:43.445685,5.0
57713,835.597989466,685.323281379,458.210650247,272.666462918,150.283066245,128,1,YT2,2016-10-26 15:31:43.447249,5.0
1657192,546.055857949,287.478694863,171.143214882,115.775645107,0.0,16,1,YT3,2016-10-26 15:39:05.213321,5.88235294118
1196198,870.150561685,757.86740265,669.130032206,618.914372107,421.496144704,32,1,YT3,2016-10-26 15:39:05.214225,5.93939393939
797469,1075.11952824,986.449694612,920.029890819,884.18097695,759.197602736,48,1,YT3,2016-10-26 15:39:05.238979,5.95918367347
626686,1137.19435454,1051.1056084,981.383717004,943.904656202,830.491420787,64,1,YT3,2016-10-26 15:39:05.240559,5.96923076923
243732,1234.01134517,1152.32894609,1007.83629623,915.410836729,583.288950693,80,1,YT3,2016-10-26 15:39:05.242396,6.0
59937,1071.12884379,830.047588997,560.821718552,356.780044285,245.263124012,96,1,YT3,2016-10-26 15:39:05.243907,6.0
67266,1027.46192144,707.885583975,538.348400202,334.571367573,223.87049828,112,1,YT3,2016-10-26 15:39:05.244834,6.0
68982,1011.2526885,695.277642385,550.914693941,256.585268478,218.263602096,128,1,YT3,2016-10-26 15:39:05.245661,6.0
2014104,908.618181636,618.667115661,342.766684495,140.556038647,0.0,16,1,YT4,2016-10-26 15:42:08.724952,5.0
1007064,1353.73335632,1178.88124932,1060.42632936,1013.29758709,1003.50186846,32,1,YT4,2016-10-26 15:42:08.725575,5.0
671389,1472.48565358,1313.54063508,1208.36128703,1167.22191549,1158.72861361,48,1,YT4,2016-10-26 15:42:08.726300,5.0
532146,1494.42865337,1332.30889812,1228.57844682,1185.17003,1174.64207314,64,1,YT4,2016-10-26 15:42:08.727076,5.12307692308
28623,1196.14464008,837.29743819,654.796151485,447.287379657,292.779780723,80,1,YT4,2016-10-26 15:42:08.737465,5.61538461538
28626,1196.0794288,837.250261272,654.75720691,447.2571967,292.755870992,96,1,YT4,2016-10-26 15:42:08.739078,6.10769230769
51213,1094.10237181,821.311755669,455.708239996,363.150106705,245.177486732,112,1,YT4,2016-10-26 15:42:08.740583,6.71875
22157,973.585127249,827.901564197,584.446746933,410.302327559,279.928562315,128,1,YT4,2016-10-26 15:42:08.741662,7.59375
1487025,404.864174755,273.742579808,259.38388539,16.6433169771,0.0,16,2,YT5,2016-10-26 15:45:12.095889,5.0
1316584,625.073595667,510.954988233,462.984880963,418.80186246,148.539557021,32,2,YT5,2016-10-26 15:45:12.097020,5.0
923505,871.588779184,778.585897638,747.510535043,712.830274329,596.31283736,48,2,YT5,2016-10-26 15:45:12.098335,5.0
767422,954.895282217,844.436498501,787.610944566,744.335273919,645.111618249,64,2,YT5,2016-10-26 15:45:12.099742,5.0
430026,1101.86932075,962.796447854,857.59897388,815.128824174,638.481009898,80,2,YT5,2016-10-26 15:45:12.100951,5.0
211270,1078.13403619,823.781524435,522.851795445,267.72934094,162.166581021,96,2,YT5,2016-10-26 15:45:12.101830,5.0
219515,1051.69006841,770.289555946,513.95525097,286.787377686,169.516960803,112,2,YT5,2016-10-26 15:45:12.102631,5.0
216962,1024.84486631,685.895035702,448.186345174,276.04528614,174.502148984,128,2,YT5,2016-10-26 15:45:12.103433,5.0
1743422,571.851379294,557.506950629,292.429478678,132.106018031,0.0,16,2,YT6,2016-10-26 15:48:15.102908,6.0
978039,1007.82637394,972.346646006,835.678167718,783.931119423,773.927645197,32,2,YT6,2016-10-26 15:48:15.103591,6.0
695784,1126.65700193,1074.770208,948.355418606,901.749965345,888.985939146,48,2,YT6,2016-10-26 15:48:15.106409,6.0
586362,1134.33108042,1076.53564734,944.125521316,886.331202204,874.408371415,64,2,YT6,2016-10-26 15:48:15.107650,6.0
185195,1023.41780325,770.399896158,516.363244238,230.547175216,122.588743366,80,2,YT6,2016-10-26 15:48:15.108493,6.0
163398,1083.89021584,796.725172189,553.614486805,292.634584422,135.753452995,96,2,YT6,2016-10-26 15:48:15.109299,6.0
152693,1101.82303479,788.156710306,544.810976395,293.175715229,27.4226184016,112,2,YT6,2016-10-26 15:48:15.110121,6.0
144268,1144.08172785,823.867707827,569.367192592,314.791994816,15.9373774505,128,2,YT6,2016-10-26 15:48:15.110966,6.0
1709903,591.313791485,519.620053501,470.484856292,325.593304599,0.0,16,2,YT7,2016-10-26 15:52:44.959431,6.0
1222919,864.397478016,779.429278383,750.986684303,657.092839711,440.366892489,32,2,YT7,2016-10-26 15:52:44.960107,6.0
900279,990.705304316,923.978895863,875.279955214,788.851697089,637.862837921,48,2,YT7,2016-10-26 15:52:44.961060,6.0
716730,1055.14596147,994.0855094,937.759564067,854.847939695,724.095297596,64,2,YT7,2016-10-26 15:52:44.962872,6.0
323614,1046.11471646,946.331865679,847.7694262,716.04329478,425.348092743,80,2,YT7,2016-10-26 15:52:44.964621,6.0
179758,890.073592463,780.09102033,542.413126685,239.232104869,105.536723466,96,2,YT7,2016-10-26 15:52:44.966436,6.0
179172,928.820219418,698.592871421,447.914054256,310.320801752,64.8536814684,112,2,YT7,2016-10-26 15:52:44.968091,6.0
176841,935.423433532,705.267325204,488.544777886,312.481999482,106.296754419,128,2,YT7,2016-10-26 15:52:44.969676,6.0
1194872,788.608901801,715.882671951,694.091492528,531.686937963,0.0,16,2,YT8,2016-10-26 15:55:48.884589,5.94117647059
654485,1078.43126809,991.76206824,956.962381706,845.085794461,667.966316516,32,2,YT8,2016-10-26 15:55:48.885223,5.9696969697
491664,1123.34500488,1030.32907365,975.512173169,864.770489783,709.787996517,48,2,YT8,2016-10-26 15:55:48.885990,5.97959183673
368749,1176.78120311,1088.34231747,1036.5978005,933.134502631,791.650806859,64,2,YT8,2016-10-26 15:55:48.886773,5.98461538462
109359,1044.06273758,805.068941147,569.709575135,328.05334932,199.962496484,80,2,YT8,2016-10-26 15:55:48.887548,6.0
134421,1027.60936158,767.557163995,546.909498912,286.97560872,219.806733291,96,2,YT8,2016-10-26 15:55:48.888321,6.0
134448,1079.43966946,804.131208199,546.259096034,277.526575304,248.869443685,112,2,YT8,2016-10-26 15:55:48.889129,6.0
140780,1057.51879416,783.505583898,525.425541823,234.266941757,118.915936695,128,2,YT8,2016-10-26 15:55:48.890027,6.0
2284412,851.156859809,366.230801545,306.34294508,135.889661123,0.0,16,3,YT9,2016-10-26 15:58:59.233536,5.94117647059
1643130,1041.9241815,772.705636061,632.573315909,548.023722114,500.278922202,32,3,YT9,2016-10-26 15:58:59.234789,5.9696969697
1277218,1127.67504184,901.835350826,749.494496311,689.88984628,651.395425222,48,3,YT9,2016-10-26 15:58:59.236149,5.97959183673
1112916,1115.06726255,911.159700601,752.718406843,696.883777972,661.806618281,64,3,YT9,2016-10-26 15:58:59.237725,5.98461538462
711218,988.040991052,846.078010588,414.012077119,321.281807764,206.584123301,80,3,YT9,2016-10-26 15:58:59.238828,6.0
541894,897.992761663,746.700073657,306.612132832,238.031510519,181.964282209,96,3,YT9,2016-10-26 15:58:59.239788,6.06153846154
567538,792.5540991,524.138340517,292.892471737,227.136522823,196.328805833,112,3,YT9,2016-10-26 15:58:59.241233,6.734375
539005,785.582586365,537.561159311,333.514617371,241.149331328,190.517715712,128,3,YT9,2016-10-26 15:58:59.242806,7.734375
2054380,819.651755321,540.753178447,393.198423191,177.558441083,89.5767827062,16,3,YT10,2016-10-26 16:07:00.032100,6.0
1505918,879.150157823,606.420646087,501.763888697,405.256708766,382.580710439,32,3,YT10,2016-10-26 16:07:00.033159,6.0
1265128,948.464548626,662.302045897,544.272909486,459.396343042,438.300125485,48,3,YT10,2016-10-26 16:07:00.034644,6.0
1083367,992.795044307,732.155038226,626.703279072,516.586875559,500.274924417,64,3,YT10,2016-10-26 16:07:00.036211,6.0
797265,895.5071189,650.959292122,407.336470255,229.845600349,178.787583461,80,3,YT10,2016-10-26 16:07:00.037064,6.0
762403,878.619940589,690.050722773,404.059401574,204.765719787,142.91605928,96,3,YT10,2016-10-26 16:07:00.037920,6.0
778244,798.132194564,587.9268662,373.800749063,183.730781308,97.4782026917,112,3,YT10,2016-10-26 16:07:00.038694,6.0
817269,826.892979774,645.056586665,357.064419958,174.659669071,21.0237960416,128,3,YT10,2016-10-26 16:07:00.039459,6.0
